{"count":1,"gauges":{"Soccer.CumulativeReward":{"count":94290,"max":1,"min":-1.9963032,"value":0.8946671,"weightedAverage":0.2399515}},"self":13236.2944512,"total":19745.201714799998,"children":{"AgentSendState":{"count":632184,"self":228.90821119999998,"total":2057.357446,"children":{"CollectObservations":{"count":12896574,"self":53.860448,"total":53.8604474,"children":null},"AgentInfo.ToProto":{"count":12896574,"self":139.70342399999998,"total":1774.5887764,"children":{"GenerateSensorData":{"count":12896574,"self":684.3426304,"total":1634.885348,"children":{"RayPerceptionSensor.Perceive":{"count":25793148,"self":950.5427456,"total":950.5427179,"children":null}}}}}}},"DecideAction":{"count":632184,"self":4359.9761407999995,"total":4359.9762972,"children":null},"AgentAct":{"count":632184,"self":76.888992,"total":77.103630799999991,"children":{"AgentInfo.ToProto":{"count":1620,"self":0.0189881,"total":0.2146391,"children":{"GenerateSensorData":{"count":1620,"self":0.080132399999999993,"total":0.195651,"children":{"RayPerceptionSensor.Perceive":{"count":3240,"self":0.1155186,"total":0.1155186,"children":null}}}}}}},"AgentInfo.ToProto":{"count":92670,"self":1.1896943,"total":14.468646699999999,"children":{"GenerateSensorData":{"count":92670,"self":5.6521856,"total":13.2789524,"children":{"RayPerceptionSensor.Perceive":{"count":185340,"self":7.6267672,"total":7.626767,"children":null}}}}}}}