{"count":1,"gauges":{"Soccer.CumulativeReward":{"count":204,"max":0.957666755,"min":-1.50433886,"value":-1.04233325,"weightedAverage":-0.1949538}},"self":390.73712639999997,"total":399.2418295,"children":{"AgentSendState":{"count":19768,"self":0.0878887,"total":0.1178022,"children":{"CollectObservations":{"count":23724,"self":0.0299135,"total":0.0299135,"children":null}}},"DecideAction":{"count":19768,"self":7.4792559999999995,"total":8.2479807,"children":{"RayPerceptionSensor.Perceive":{"count":47448,"self":0.76872489999999993,"total":0.76872489999999993,"children":null}}},"AgentAct":{"count":19768,"self":0.13793239999999998,"total":0.13793239999999998,"children":null}}}