{"count":1,"gauges":{"Soccer.CumulativeReward":{"count":42,"max":0.964000046,"min":-1.86264622,"value":0.9070003,"weightedAverage":0.0313788652}},"self":115.70489599999999,"total":118.6930524,"children":{"AgentSendState":{"count":5850,"self":0.039924,"total":0.053471899999999996,"children":{"CollectObservations":{"count":7020,"self":0.0135479,"total":0.0135479,"children":null}}},"DecideAction":{"count":5850,"self":2.6314932,"total":2.8749138,"children":{"RayPerceptionSensor.Perceive":{"count":14040,"self":0.2434207,"total":0.2434207,"children":null}}},"AgentAct":{"count":5850,"self":0.0597752,"total":0.0597752,"children":null}}}