{"count":1,"gauges":{"Soccer.CumulativeReward":{"count":441426,"max":1,"min":-1.99963629,"value":0.681330562,"weightedAverage":-0.00567862}},"self":34658.326937599995,"total":74262.8328758,"children":{"AgentSendState":{"count":6827051,"self":1287.2223744,"total":11252.456373899999,"children":{"CollectObservations":{"count":73732194,"self":301.1244288,"total":301.1244388,"children":null},"AgentInfo.ToProto":{"count":73732194,"self":774.9929472,"total":9664.1095358,"children":{"GenerateSensorData":{"count":73732194,"self":3633.491968,"total":8889.1166108999987,"children":{"RayPerceptionSensor.Perceive":{"count":147464388,"self":5255.624704,"total":5255.624835,"children":null}}}}}}},"DecideAction":{"count":6827051,"self":27776.0606208,"total":27776.0617351,"children":null},"AgentAct":{"count":6827051,"self":512.37488639999992,"total":518.27302609999992,"children":{"AgentInfo.ToProto":{"count":43122,"self":0.5454901,"total":5.8981645,"children":{"GenerateSensorData":{"count":43122,"self":2.222941,"total":5.3526744,"children":{"RayPerceptionSensor.Perceive":{"count":86244,"self":3.1297333999999997,"total":3.1297333999999997,"children":null}}}}}}},"AgentInfo.ToProto":{"count":398304,"self":5.2081352,"total":57.7139987,"children":{"GenerateSensorData":{"count":398304,"self":20.717697599999997,"total":52.5058636,"children":{"RayPerceptionSensor.Perceive":{"count":796608,"self":31.788166399999998,"total":31.7881663,"children":null}}}}}}}