{"count":1,"gauges":{},"self":42.9782144,"total":44.1604947,"children":{"AgentSendState":{"count":2198,"self":0.014135799999999999,"total":0.014135799999999999,"children":{"CollectObservations":{"count":2640,"self":0,"total":0,"children":null}}},"DecideAction":{"count":2198,"self":1.0713479,"total":1.1513314,"children":{"RayPerceptionSensor.Perceive":{"count":5280,"self":0.0799835,"total":0.0799835,"children":null}}},"AgentAct":{"count":2198,"self":0.0158145,"total":0.0158145,"children":null}}}