{"count":1,"gauges":{"Soccer.CumulativeReward":{"count":8,"max":0.95933336,"min":-1.08366632,"value":0.9163336,"weightedAverage":0.09680915}},"self":139.561856,"total":140.37079989999998,"children":{"AgentSendState":{"count":1284,"self":0.0158338,"total":0.020693899999999998,"children":{"CollectObservations":{"count":1028,"self":0.0048601,"total":0.0048601,"children":null}}},"DecideAction":{"count":1284,"self":0.7097483,"total":0.77155,"children":{"RayPerceptionSensor.Perceive":{"count":2056,"self":0.061801699999999994,"total":0.061801699999999994,"children":null}}},"AgentAct":{"count":1284,"self":0.0167019,"total":0.0167019,"children":null}}}